Year,description,Quantity
2010,ROUND WALL MIRROR DIAMANTE,1
2010,5 PURPLE FLOCK DINNER CANDLES,19
2010,DOLLY GIRL BEAKER,69
2010,I LOVE LONDON MINI BACKPACK,67
2010,DOLLY BOY BEAKER,41
2010,RED SPOT GIFT BAG LARGE,197
2010,I LOVE LONDON MAXI BACKPACK,26
2010,6 PURPLE FLOCK DINNER CANDLES,26
2010,4 PURPLE FLOCK DINNER CANDLES,38
2010,OVAL WALL MIRROR DIAMANTE,3
2010,50'S CHRISTMAS GIFT BAG LARGE,180
2010,YELLOW SPOT GIFT BAG LARGE,18
2010,DOLLY WOMEN BEAKER,32
2010,60'S CHRISTMAS GIFT BAG LARGE,14
2010,DOLLY MEN BEAKER,4
2010,SQUARE WALL MIRROR DIAMANTE,-1
2011,DOLLY GIRL BEAKER,28
2011,NINE DRAWER OFFICE TIDY,21
2011,4 PURPLE FLOCK DINNER CANDLES,5
2011,DOLLY MEN BEAKER,413
2011,DOLLY WOMEN BEAKER,29
2011,YELLOW SPOT GIFT BAG LARGE,56
2011,RED SPOT GIFT BAG LARGE,454
2011,I LOVE LONDON MINI BACKPACK,78
2011,60'S CHRISTMAS GIFT BAG LARGE,172
2011,5 PURPLE FLOCK DINNER CANDLES,5
2011,OVAL WALL MIRROR DIAMANTE,9
2011,50'S CHRISTMAS GIFT BAG LARGE,566
2011,DOLLY BOY BEAKER,36
2011,SQUARE WALL MIRROR DIAMANTE,3
2011,I LOVE LONDON MAXI BACKPACK,13
2012,NINE DRAWER OFFICE TIDY,18
2012,I LOVE LONDON MAXI BACKPACK,65
2012,4 PURPLE FLOCK DINNER CANDLES,1
2012,DOLLY MEN BEAKER,419
2012,DOLLY BOY BEAKER,27
2012,50'S CHRISTMAS GIFT BAG LARGE,816
2012,DOLLY WOMEN BEAKER,103
2012,OVAL WALL MIRROR DIAMANTE,2
2012,60'S CHRISTMAS GIFT BAG LARGE,108
2012,DOLLY GIRL BEAKER,145
2012,6 PURPLE FLOCK DINNER CANDLES,7
2012,I LOVE LONDON MINI BACKPACK,111
2012,5 PURPLE FLOCK DINNER CANDLES,1
2013,50'S CHRISTMAS GIFT BAG LARGE,39
2013,DOLLY MEN BEAKER,411
2013,DOLLY WOMEN BEAKER,179
2013,60'S CHRISTMAS GIFT BAG LARGE,12
2013,SQUARE WALL MIRROR DIAMANTE,1
2013,6 PURPLE FLOCK DINNER CANDLES,3
2013,ROUND WALL MIRROR DIAMANTE,3
2013,OVAL WALL MIRROR DIAMANTE,7
2013,DOLLY GIRL BEAKER,342
2013,5 PURPLE FLOCK DINNER CANDLES,4
2013,DOLLY BOY BEAKER,109
2014,ROUND WALL MIRROR DIAMANTE,28
2014,SQUARE WALL MIRROR DIAMANTE,11
2014,5 PURPLE FLOCK DINNER CANDLES,2
2014,4 PURPLE FLOCK DINNER CANDLES,3
2014,OVAL WALL MIRROR DIAMANTE,7
2015,ROUND WALL MIRROR DIAMANTE,6
2015,6 PURPLE FLOCK DINNER CANDLES,8
2015,OVAL WALL MIRROR DIAMANTE,8
2015,SQUARE WALL MIRROR DIAMANTE,5
2016,5 PURPLE FLOCK DINNER CANDLES,3
2016,SQUARE WALL MIRROR DIAMANTE,10
2016,ROUND WALL MIRROR DIAMANTE,3
2016,4 PURPLE FLOCK DINNER CANDLES,1
2016,6 PURPLE FLOCK DINNER CANDLES,12
2016,OVAL WALL MIRROR DIAMANTE,10
